{   "parent": "block/block",
    "display": {
        "head": {
            "rotation": [ -60, 0, 0 ],
            "translation": [ 0, 5, -9],
            "scale":[ 1, 1, 1]
        },
        "thirdperson_righthand": {
            "rotation": [ 0, 0, 0 ],
            "translation": [ 0, 0, 0],
            "scale": [ 0.375, 0.375, 0.375 ]
        }
    },
    "ambientocclusion": false,
    "textures": {
        "particle": "blocks/end_rod",
        "bot_end_rod": "blocks/end_rod",
        "top_end_rod": "blocks/end_rod_bloom"
    },
    "elements": [
        {
            "from": [ 6, 0, 6 ],
            "to": [ 10, 1, 10 ],
            "faces": {
                "down":  { "uv": [ 6, 6, 2, 2 ], "texture": "#bot_end_rod" },
                "up":    { "uv": [ 2, 2, 6, 6 ], "texture": "#bot_end_rod" },
                "north": { "uv": [ 2, 6, 6, 7 ], "texture": "#bot_end_rod" },
                "south": { "uv": [ 2, 6, 6, 7 ], "texture": "#bot_end_rod" },
                "west":  { "uv": [ 2, 6, 6, 7 ], "texture": "#bot_end_rod" },
                "east":  { "uv": [ 2, 6, 6, 7 ], "texture": "#bot_end_rod" }
            }
        },
        {
            "from": [ 7, 1, 7 ],
            "to": [ 9, 16, 9 ],
            "faces": {
                "down":  { "uv": [ 4, 2, 2, 0 ], "texture": "#top_end_rod" },
                "up":    { "uv": [ 2, 0, 4, 2 ], "texture": "#top_end_rod" },
                "north": { "uv": [ 0, 0, 2, 15 ], "texture": "#top_end_rod" },
                "south": { "uv": [ 0, 0, 2, 15 ], "texture": "#top_end_rod" },
                "west":  { "uv": [ 0, 0, 2, 15 ], "texture": "#top_end_rod" },
                "east":  { "uv": [ 0, 0, 2, 15 ], "texture": "#top_end_rod" }
            }
        },
        {
            "from": [ 6, 0, 6 ],
            "to": [ 10, 1, 10 ],
            "shade": false,
            "faces": {
                "down":  { "uv": [ 6, 6, 2, 2 ], "texture": "#top_end_rod" },
                "up":    { "uv": [ 2, 2, 6, 6 ], "texture": "#top_end_rod" },
                "north": { "uv": [ 2, 6, 6, 7 ], "texture": "#top_end_rod" },
                "south": { "uv": [ 2, 6, 6, 7 ], "texture": "#top_end_rod" },
                "west":  { "uv": [ 2, 6, 6, 7 ], "texture": "#top_end_rod" },
                "east":  { "uv": [ 2, 6, 6, 7 ], "texture": "#top_end_rod" }
            }
        },
        {
            "from": [ 7, 1, 7 ],
            "to": [ 9, 16, 9 ],
            "shade": false,
            "faces": {
                "down":  { "uv": [ 4, 2, 2, 0 ], "texture": "#bot_end_rod" },
                "up":    { "uv": [ 2, 0, 4, 2 ], "texture": "#bot_end_rod" },
                "north": { "uv": [ 0, 0, 2, 15 ], "texture": "#bot_end_rod" },
                "south": { "uv": [ 0, 0, 2, 15 ], "texture": "#bot_end_rod" },
                "west":  { "uv": [ 0, 0, 2, 15 ], "texture": "#bot_end_rod" },
                "east":  { "uv": [ 0, 0, 2, 15 ], "texture": "#bot_end_rod" }
            }
        }
    ]
}