{
	"parent": "block/block",
	"ambientocclusion": false,
	"textures": {
		"inside": "appliedenergistics2:blocks/drive_inside",
		"particle": "appliedenergistics2:blocks/drive_side",
		"side": "appliedenergistics2:blocks/drive_side",
		"bottom": "appliedenergistics2:blocks/drive_bottom",
		"top": "appliedenergistics2:blocks/drive_top",
		"front": "appliedenergistics2:blocks/drive_front"
	},
	"elements": [
		{
			"name": "Right Side Panel",
			"from": [0, 1, 0],
			"to": [2, 15, 16],
			"faces": {
				"north": {"uv": [15, 1, 16, 15], "texture": "#front", "cullface": "north"},
				"east": {"uv": [0, 0, 16, 16], "rotation": 180, "texture": "#inside", "cullface": "north"},
				"south": {"uv": [0, 1, 1, 15], "texture": "#side", "cullface": "south"},
				"west": {"uv": [0, 1, 16, 15], "texture": "#side", "cullface": "west"}
			}
		},
		{
			"name": "Left Side Panel",
			"from": [14, 1, 0],
			"to": [16, 15, 16],
			"faces": {
				"north": {"uv": [0, 1, 1, 15], "texture": "#front", "cullface": "north"},
				"east": {"uv": [0, 1, 16, 15], "texture": "#side", "cullface": "east"},
				"south": {"uv": [15, 1, 16, 15], "texture": "#side", "cullface": "south"},
				"west": {"uv": [0, 0, 16, 16], "texture": "#inside", "cullface": "north"}
			}
		},
		{
			"name": "Back Panel",
			"from": [2, 1, 7],
			"to": [14, 15, 16],
			"rotation": {"angle": 0, "axis": "y", "origin": [8, 8, 9]},
			"faces": {
				"north": {"uv": [15, 1, 16, 15], "texture": "#inside"},
				"south": {"uv": [1, 1, 15, 15], "texture": "#side", "cullface": "south"}
			}
		},
		{
			"name": "Bottom Panel",
			"from": [0, 0, 0],
			"to": [16, 1, 16],
			"faces": {
				"north": {"uv": [0, 15, 16, 16], "texture": "#front", "cullface": "north"},
				"east": {"uv": [0, 15, 16, 16], "texture": "#side", "cullface": "east"},
				"south": {"uv": [0, 15, 16, 16], "texture": "#side", "cullface": "south"},
				"west": {"uv": [0, 15, 16, 16], "texture": "#side", "cullface": "west"},
				"up": {"uv": [0, 0, 16, 16], "rotation": 90, "texture": "#inside", "cullface": "north"},
				"down": {"uv": [0, 0, 16, 16], "texture": "#bottom", "cullface": "down"}
			}
		},
		{
			"name": "Top Panel",
			"from": [0, 15, 0],
			"to": [16, 16, 16],
			"faces": {
				"north": {"uv": [0, 0, 16, 1], "texture": "#front", "cullface": "north"},
				"east": {"uv": [0, 0, 16, 1], "texture": "#side", "cullface": "east"},
				"south": {"uv": [0, 0, 16, 1], "texture": "#side", "cullface": "south"},
				"west": {"uv": [0, 0, 16, 1], "texture": "#side", "cullface": "west"},
				"up": {"uv": [0, 0, 16, 16], "texture": "#top", "cullface": "up"},
				"down": {"uv": [0, 0, 16, 16], "rotation": 270, "texture": "#inside", "cullface": "north"}
			}
		},
		{
			"name": "Front Panel",
			"from": [7, 1, 1],
			"to": [9, 15, 7],
			"faces": {
				"north": {"uv": [7, 1, 9, 15], "texture": "#front", "cullface": "north"},
				"east": {"uv": [1, 1, 7, 15], "rotation": 180, "texture": "#inside", "cullface": "north"},
				"west": {"uv": [1, 1, 7, 15], "texture": "#inside", "cullface": "north"}
			}
		},
		{
			"name": "Separator",
			"from": [1, 3, 2],
			"to": [15, 4, 7],
			"faces": {
				"north": {"uv": [1, 12, 15, 13], "texture": "#front", "cullface": "north"},
				"up": {"uv": [2, 1, 7, 15], "rotation": 90, "texture": "#inside", "cullface": "north"},
				"down": {"uv": [2, 1, 7, 15], "rotation": 270, "texture": "#inside", "cullface": "north"}
			}
		},
		{
			"name": "Separator",
			"from": [1, 6, 2],
			"to": [15, 7, 7],
			"faces": {
				"north": {"uv": [1, 9, 15, 10], "texture": "#front", "cullface": "north"},
				"up": {"uv": [2, 1, 7, 15], "rotation": 90, "texture": "#inside", "cullface": "north"},
				"down": {"uv": [2, 1, 7, 15], "rotation": 270, "texture": "#inside", "cullface": "north"}
			}
		},
		{
			"name": "Separator",
			"from": [1, 9, 2],
			"to": [15, 10, 7],
			"faces": {
				"north": {"uv": [1, 6, 15, 7], "texture": "#front", "cullface": "north"},
				"up": {"uv": [2, 1, 7, 15], "rotation": 90, "texture": "#inside", "cullface": "north"},
				"down": {"uv": [2, 1, 7, 15], "rotation": 270, "texture": "#inside", "cullface": "north"}
			}
		},
		{
			"name": "Separator",
			"from": [1, 12, 2],
			"to": [15, 13, 7],
			"faces": {
				"north": {"uv": [1, 3, 15, 4], "texture": "#front", "cullface": "north"},
				"up": {"uv": [2, 1, 7, 15], "rotation": 90, "texture": "#inside", "cullface": "north"},
				"down": {"uv": [2, 1, 7, 15], "rotation": 270, "texture": "#inside", "cullface": "north"}
			}
		}
	]
}