{
	"credit": "Made with Blockbench",
	"parent": "item/handheld",
	"textures": {
		"layer0": "gregtech:items/tools/tongs_base",
		"layer1": "gregtech:items/tools/tongs"
	},
	"display": {
		"thirdperson_righthand": {
			"rotation": [0, -90, -15],
			"translation": [0, 4, -3.25]
		},
		"thirdperson_lefthand": {
			"rotation": [45, 90, -30],
			"translation": [0, 4, -3.25]
		},
		"firstperson_righthand": {
			"rotation": [-90, -90, -90]
		},
		"firstperson_lefthand": {
			"rotation": [0, 90, 0]
		}
	}
}