{
    "ae2_uvl_marker": true,
    "textures": {
        "lights_bright": "appliedenergistics2:blocks/chest/lights_on_bright",
        "lights_medium": "appliedenergistics2:blocks/chest/lights_on_medium",
        "lights_dark": "appliedenergistics2:blocks/chest/lights_on_dark"
    },
    "elements": [
        {
            "from": [
                0,
                0,
                0
            ],
            "to": [
                16,
                16,
                16
            ],
            "faces": {
                "up": {
                    "texture": "#lights_bright",
                    "tintindex": 3,
                    "unlit": true,
                    "uvlightmap": {
                        "block": 15,
                        "sky": 15
                    }
                }
            }
        },
        {
            "from": [
                0,
                0,
                0
            ],
            "to": [
                16,
                16,
                16
            ],
            "faces": {
                "up": {
                    "texture": "#lights_medium",
                    "tintindex": 2,
                    "unlit": true,
                    "uvlightmap": {
                        "block": 15,
                        "sky": 15
                    }
                }
            }
        },
        {
            "from": [
                0,
                0,
                0
            ],
            "to": [
                16,
                16,
                16
            ],
            "faces": {
                "up": {
                    "texture": "#lights_dark",
                    "tintindex": 1,
                    "unlit": true,
                    "uvlightmap": {
                        "block": 15,
                        "sky": 15
                    }
                }
            }
        }
    ]
}