{
    "parent": "block/block",
    "textures": {
        "particle": "appliedenergistics2:blocks/quantum_ring",
        "sides": "appliedenergistics2:blocks/quantum_ring"
    },
    "ctm": {
        "ctm_version": 1,
        "layer": "BLOOM",
        "gregtech": true,
        "extra": {
            "light": 15
        }
    },
    "elements": [
        {
            "from": [
                2,
                2,
                2
            ],
            "to": [
                14,
                14,
                14
            ],
            "faces": {
                "down": {
                    "texture": "#sides"
                },
                "up": {
                    "texture": "#sides"
                },
                "north": {
                    "texture": "#sides"
                },
                "east": {
                    "texture": "#sides"
                },
                "south": {
                    "texture": "#sides"
                },
                "west": {
                    "texture": "#sides"
                }
            }
        }
    ]
}