{
	"credit": "Made with Blockbench",
	"textures": {
		"front": "appliedenergistics2:blocks/chest/cell_state_backdrop",
		"state": "appliedenergistics2:blocks/chest/cell_state_types_full",
		"top_front": "appliedenergistics2:blocks/drive_cell_states_emissive"
	},
	"elements": [
		{
			"name": "Cell Backdrop",
			"from": [5, 4, 0],
			"to": [11, 6, 1],
			"shade": false,
			"faces": {
				"north": {"uv": [5, 10, 11, 12], "texture": "#front"},
				"up": {"uv": [5, 10, 11, 11], "texture": "#front"}
			}
		},
		{
			"name": "Cell Light",
			"from": [9, 4, 0],
			"to": [10, 5, 0],
			"shade": false,
			"faces": {
				"north": {"uv": [6, 11, 7, 12], "texture": "#state"}
			}
		},
		{
			"name": "Cell Light",
			"from": [9, 4, 0],
			"to": [10, 5, 0],
			"shade": false,
			"faces": {
				"north": {"uv": [1, 5, 2, 6], "texture": "#top_front"}
			}
		}
	]
}