{
    "parent": "minecraft:block/block",
    "textures": {
        "particle": "#all"
    },
    "elements": [
        {
            "from": [0, 0, 0],
            "to": [16, 16, 16],
            "shade": false,
            "faces": {
                "down": {"texture": "#all", "cullface": "down"},
                "up": {"texture": "#all", "cullface": "up"},
                "north": {"texture": "#all", "cullface": "north"},
                "south": {"texture": "#all", "cullface": "south"},
                "west": {"texture": "#all", "cullface": "west"},
                "east": {"texture": "#all", "cullface": "east"}
            } 
        },
        {
            "from": [0, 0, 0],
            "to": [16, 16, 16],
            "shade": false,
            "faces": {
                "down": {"texture": "#emissive", "cullface": "down"},
                "up": {"texture": "#emissive", "cullface": "up"},
                "north": {"texture": "#emissive", "cullface": "north"},
                "south": {"texture": "#emissive", "cullface": "south"},
                "west": {"texture": "#emissive", "cullface": "west"},
                "east": {"texture": "#emissive", "cullface": "east"}
            } 
        }
    ]
}