{
	"credit": "Made with Blockbench",
	"textures": {
		"0": "block/torch/torch",
		"particle": "block/torch/torch"
	},
	"elements": [
		{
			"from": [7, 0, 7],
			"to": [9, 10, 9],
			"rotation": {"angle": 0, "axis": "z", "origin": [8, 5, 8]},
			"faces": {
				"north": {"uv": [7, 6, 9, 16], "texture": "#0"},
				"east": {"uv": [9, 6, 7, 16], "texture": "#0"},
				"south": {"uv": [7, 6, 9, 16], "texture": "#0"},
				"west": {"uv": [9, 6, 7, 16], "texture": "#0"},
				"up": {"uv": [9, 6, 7, 8], "texture": "#0"},
				"down": {"uv": [9, 14, 7, 16], "texture": "#0", "cullface": "down"}
			}
		},
		{
			"from": [6.625, 7, 6.625],
			"to": [9.375, 8, 9.375],
			"rotation": {"angle": 0, "axis": "z", "origin": [8, 7.5, 8]},
			"faces": {
				"north": {"uv": [9, 15, 12, 16], "texture": "#0"},
				"east": {"uv": [9, 13, 12, 14], "texture": "#0"},
				"south": {"uv": [9, 15, 12, 16], "texture": "#0"},
				"west": {"uv": [9, 13, 12, 14], "texture": "#0"},
				"up": {"uv": [9, 13, 12, 16], "texture": "#0"},
				"down": {"uv": [9, 13, 12, 16], "texture": "#0"}
			}
		},
		{
			"from": [8, 9, 7],
			"to": [8, 15, 9],
			"rotation": {"angle": 0, "axis": "z", "origin": [8.5, 12, 7.5]},
			"faces": {
				"north": {"uv": [0, 0, 0, 4], "texture": "#missing"},
				"east": {"uv": [9, 0, 7, 6], "texture": "#0"},
				"south": {"uv": [0, 0, 0, 4], "texture": "#missing"},
				"west": {"uv": [7, 0, 9, 6], "texture": "#0"},
				"up": {"uv": [0, 0, 4, 0], "rotation": 270, "texture": "#missing"}
			}
		},
		{
			"from": [7, 9, 8],
			"to": [9, 15, 8],
			"rotation": {"angle": 0, "axis": "z", "origin": [7.5, 12, 8.5]},
			"faces": {
				"north": {"uv": [7, 0, 9, 6], "texture": "#0"},
				"east": {"uv": [0, 0, 0, 4], "texture": "#missing"},
				"south": {"uv": [9, 0, 7, 6], "texture": "#0"},
				"west": {"uv": [0, 0, 0, 4], "texture": "#missing"},
				"up": {"uv": [0, 0, 4, 0], "texture": "#missing"}
			}
		}
	]
}